{
	"credit": "Made with Blockbench",
	"texture_size": [32, 32],
	"textures": {
		"0": "item/totem_of_undying/extra",
		"1": "item/totem_of_undying/main",
		"particle": "item/totem_of_undying/extra"
	},
	"elements": [
		{
			"from": [4, 1, 7],
			"to": [12, 13, 7.5],
			"rotation": {"angle": 0, "axis": "y", "origin": [7, 9, 7]},
			"faces": {
				"north": {"uv": [1, 6.5, 7.5, 16], "texture": "#1"},
				"east": {"uv": [0, 6, 0.5, 12], "texture": "#0"},
				"south": {"uv": [7.5, 6.5, 14, 16], "texture": "#1"},
				"west": {"uv": [0.5, 6, 1, 12], "texture": "#0"},
				"up": {"uv": [5, 6.5, 1, 6], "texture": "#0"},
				"down": {"uv": [9, 6, 5, 6.5], "texture": "#0"}
			}
		},
		{
			"from": [4, 1, 7.5],
			"to": [12, 13, 8],
			"rotation": {"angle": 22.5, "axis": "z", "origin": [7, 9, 7.5]},
			"faces": {
				"north": {"uv": [1, 6.5, 7.5, 16], "texture": "#0"},
				"east": {"uv": [0, 0, 0.25, 6], "texture": "#0"},
				"south": {"uv": [1, 6.5, 7.5, 16], "texture": "#0"},
				"west": {"uv": [0, 0, 0.25, 6], "texture": "#0"},
				"up": {"uv": [0, 0, 4, 0.25], "texture": "#0"},
				"down": {"uv": [0, 0, 4, 0.25], "texture": "#0"}
			}
		},
		{
			"from": [4, 1, 8],
			"to": [12, 13, 8.5],
			"rotation": {"angle": -22.5, "axis": "z", "origin": [7, 9, 8]},
			"faces": {
				"north": {"uv": [7.5, 6.5, 14, 16], "texture": "#0"},
				"east": {"uv": [0, 0, 0.25, 6], "texture": "#0"},
				"south": {"uv": [7.5, 6.5, 14, 16], "texture": "#0"},
				"west": {"uv": [0, 0, 0.25, 6], "texture": "#0"},
				"up": {"uv": [0, 0, 4, 0.25], "texture": "#0"},
				"down": {"uv": [0, 0, 4, 0.25], "texture": "#0"}
			}
		}
	],
	"gui_light": "front",
	"display": {
		"thirdperson_righthand": {
			"rotation": [178.79, -3.28, -158.72],
			"translation": [0, 2.75, 0.25],
			"scale": [0.37, 0.37, 0.37]
		},
		"thirdperson_lefthand": {
			"rotation": [178.71, -2.72, 158.17],
			"translation": [0, 2.75, 0.5],
			"scale": [0.37, 0.37, 0.37]
		},
		"firstperson_righthand": {
			"rotation": [180, 34.5, 180],
			"translation": [1, 3.25, 0],
			"scale": [0.6, 0.6, 0.6]
		},
		"firstperson_lefthand": {
			"rotation": [-180, 50, 180],
			"translation": [1.5, 3.25, 0],
			"scale": [0.6, 0.6, 0.6]
		},
		"ground": {
			"rotation": [90, 0, 0],
			"translation": [0, -1.75, 0],
			"scale": [0.62, 0.62, 0.62]
		},
		"gui": {
			"rotation": [-180, 0, 0],
			"translation": [0, -0.75, 0]
		},
		"head": {
			"rotation": [90, 0, 0],
			"translation": [0, 6.75, 0],
			"scale": [0.61, 0.61, 0.61]
		},
		"fixed": {
			"translation": [0, 1, -0.5],
			"scale": [1.2, 1.2, 1.2]
		}
	}
}