{
  "display": {
    "icon": {
      "id": "minecraft:totem_of_undying",
      "count": 1,
      "components": {
        "minecraft:custom_model_data": 1
      }
    },
    "title": "Imortal",
    "description": "Craft all the new totems",
    "background": "minecraft:textures/block/stone.png",
    "frame": "task",
    "show_toast": true,
    "announce_to_chat": true,
    "hidden": false
  },
  "criteria": {
    "rer": {
      "trigger": "minecraft:recipe_crafted",
      "conditions": {
        "recipes": [
          "totemdatapack:shark",
          "totemdatapack:cross",
          "totemdatapack:unoreverse"
        ]
      }
    }
  },
  "rewards": {
    "experience": 50
  }
}
