{
	"credit": "Made with Blockbench",
	"textures": {
		"0": "item/totem_of_undying/cross_wood",
		"1": "item/totem_of_undying/12b92a9206470fe2",
		"particle": "item/totem_of_undying/cross_wood"
	},
	"elements": [
		{
			"from": [6.75, 0, 8],
			"to": [9.25, 8, 9],
			"rotation": {"angle": 0, "axis": "y", "origin": [7, 0, 7]},
			"faces": {
				"north": {"uv": [0, 0, 2, 8], "texture": "#0"},
				"east": {"uv": [4, 0, 5, 8], "texture": "#0"},
				"south": {"uv": [2, 0, 4, 8], "texture": "#0"},
				"west": {"uv": [5, 0, 6, 8], "texture": "#0"},
				"up": {"uv": [8, 1, 6, 0], "texture": "#0"},
				"down": {"uv": [8, 1, 6, 2], "texture": "#0"}
			}
		},
		{
			"from": [3, 8, 8],
			"to": [13, 10, 9],
			"rotation": {"angle": 0, "axis": "y", "origin": [7, 0, 7]},
			"faces": {
				"north": {"uv": [0, 4, 10, 6], "texture": "#0"},
				"east": {"uv": [0, 4, 1, 6], "texture": "#0"},
				"south": {"uv": [0, 6, 10, 8], "texture": "#0"},
				"west": {"uv": [0, 4, 1, 6], "texture": "#0"},
				"up": {"uv": [0, 0, 10, 1], "texture": "#0"},
				"down": {"uv": [0, 0, 10, 1], "texture": "#0"}
			}
		},
		{
			"from": [6.75, 10, 8],
			"to": [9.25, 14, 9],
			"rotation": {"angle": 0, "axis": "y", "origin": [7, 0, 7]},
			"faces": {
				"north": {"uv": [3, 4, 6, 8], "texture": "#0"},
				"east": {"uv": [0, 0, 1, 4], "texture": "#0"},
				"south": {"uv": [0, 4, 3, 8], "texture": "#0"},
				"west": {"uv": [0, 0, 1, 4], "texture": "#0"},
				"up": {"uv": [0, 0, 2, 1], "texture": "#0"},
				"down": {"uv": [0, 0, 2.5, 1], "texture": "#missing"}
			}
		},
		{
			"name": "head",
			"from": [7, 9.5, 7.5],
			"to": [9, 11.5, 9.5],
			"rotation": {"angle": -22.5, "axis": "x", "origin": [8, 7, 8.5]},
			"faces": {
				"north": {"uv": [2, 2, 4, 4], "texture": "#1"},
				"east": {"uv": [0, 2, 2, 4], "texture": "#1"},
				"south": {"uv": [6, 2, 8, 4], "texture": "#1"},
				"west": {"uv": [4, 2, 6, 4], "texture": "#1"},
				"up": {"uv": [4, 2, 2, 0], "texture": "#1"},
				"down": {"uv": [6, 0, 4, 2], "texture": "#1"}
			}
		},
		{
			"name": "body",
			"from": [7, 6.5, 7],
			"to": [9, 9.5, 8],
			"rotation": {"angle": 0, "axis": "x", "origin": [8, 16, 6]},
			"faces": {
				"north": {"uv": [5, 5, 7, 7.98], "texture": "#1"},
				"east": {"uv": [4, 5, 5, 8], "texture": "#1"},
				"south": {"uv": [8, 5, 10, 8], "texture": "#1"},
				"west": {"uv": [7, 5, 8, 7.98], "texture": "#1"},
				"up": {"uv": [7, 5, 5, 4], "texture": "#1"},
				"down": {"uv": [9, 4, 7, 5], "texture": "#1"}
			}
		},
		{
			"name": "right_arm",
			"from": [9, 8.5, 7],
			"to": [12, 9.5, 8],
			"rotation": {"angle": 0, "axis": "y", "origin": [9.5, 9, 7.5]},
			"faces": {
				"north": {"uv": [11, 5, 12, 8], "rotation": 90, "texture": "#1"},
				"east": {"uv": [13, 4, 12, 5], "rotation": 270, "texture": "#1"},
				"south": {"uv": [13, 5, 14, 8], "rotation": 270, "texture": "#missing"},
				"west": {"uv": [12, 5, 11, 4], "rotation": 270, "texture": "#missing"},
				"up": {"uv": [10, 5, 11, 8], "rotation": 270, "texture": "#1"},
				"down": {"uv": [12, 5, 13, 8], "rotation": 270, "texture": "#1"}
			}
		},
		{
			"name": "left_arm",
			"from": [4, 8.5, 7],
			"to": [7, 9.5, 8],
			"rotation": {"angle": 0, "axis": "y", "origin": [6.5, 9, 7.5]},
			"faces": {
				"north": {"uv": [9, 13, 10, 16], "rotation": 270, "texture": "#1"},
				"east": {"uv": [10, 13, 9, 12], "rotation": 90, "texture": "#missing"},
				"south": {"uv": [11, 13, 12, 16], "rotation": 90, "texture": "#1"},
				"west": {"uv": [11, 12, 10, 13], "rotation": 90, "texture": "#1"},
				"up": {"uv": [10, 13, 11, 16], "rotation": 90, "texture": "#1"},
				"down": {"uv": [8, 13, 9, 16], "rotation": 90, "texture": "#1"}
			}
		},
		{
			"name": "right_leg",
			"from": [8, 3.5, 7],
			"to": [9, 6.5, 8],
			"rotation": {"angle": 0, "axis": "x", "origin": [5, 25, 6]},
			"faces": {
				"north": {"uv": [1, 5, 2, 8], "texture": "#1"},
				"east": {"uv": [0, 5, 1, 8], "texture": "#1"},
				"south": {"uv": [3, 5, 4, 8], "texture": "#1"},
				"west": {"uv": [2, 5, 3, 8], "texture": "#1"},
				"up": {"uv": [2, 5, 1, 4], "texture": "#missing"},
				"down": {"uv": [3, 4, 2, 5], "texture": "#1"}
			}
		},
		{
			"name": "left_leg",
			"from": [7, 3.5, 7],
			"to": [8, 6.5, 8],
			"rotation": {"angle": 0, "axis": "x", "origin": [8, 25, 6]},
			"faces": {
				"north": {"uv": [5, 13, 6, 16], "texture": "#1"},
				"east": {"uv": [4, 13, 5, 16], "texture": "#1"},
				"south": {"uv": [7, 13, 8, 16], "texture": "#1"},
				"west": {"uv": [6, 13, 7, 16], "texture": "#1"},
				"up": {"uv": [6, 13, 5, 12], "texture": "#missing"},
				"down": {"uv": [7, 12, 6, 13], "texture": "#1"}
			}
		},
		{
			"from": [7.25, 3, 6.75],
			"to": [8.75, 3.5, 8],
			"rotation": {"angle": 0, "axis": "y", "origin": [7, 2, 6]},
			"faces": {
				"north": {"uv": [2, 1, 4, 1.5], "texture": "#0"},
				"east": {"uv": [5, 11, 7, 11.5], "texture": "#0"},
				"south": {"uv": [3, 9, 5, 9.5], "texture": "#0"},
				"west": {"uv": [2, 4.25, 4, 4.75], "texture": "#0"},
				"up": {"uv": [2, 1.5, 4, 2.75], "texture": "#0"},
				"down": {"uv": [2, 3, 4, 4.25], "texture": "#0"}
			}
		}
	],
	"gui_light": "front",
	"display": {
		"thirdperson_righthand": {
			"rotation": [179.69, 3.19, 180],
			"translation": [0, 4.5, 1.5],
			"scale": [0.68, 0.68, 0.68]
		},
		"thirdperson_lefthand": {
			"rotation": [-180, 0, -180],
			"translation": [0, 4.75, 1.5],
			"scale": [0.68, 0.68, 0.68]
		},
		"firstperson_righthand": {
			"rotation": [-180, 33.75, -180],
			"translation": [0.5, 4, 0],
			"scale": [0.69, 0.69, 0.69]
		},
		"firstperson_lefthand": {
			"rotation": [153.31, 71.4, -150.75],
			"translation": [1.25, 3.75, 0],
			"scale": [0.61, 0.61, 0.61]
		},
		"ground": {
			"rotation": [90, 0, 0],
			"translation": [0, -1.25, 1.5]
		},
		"gui": {
			"rotation": [171.98, -29.82, -171.67],
			"translation": [0.25, 1, 0]
		},
		"head": {
			"translation": [0, 13.75, 0]
		},
		"fixed": {
			"translation": [0, 1, -0.25],
			"scale": [1.25, 1.25, 1.25]
		}
	},
	"groups": [
		0,
		1,
		2,
		{
			"name": "steve",
			"origin": [8, 8, 8],
			"color": 0,
			"children": [3, 4, 5, 6, 7, 8]
		},
		9
	]
}