{
	"credit": "Made with Blockbench",
	"textures": {
		"0": "item/totem_of_undying/blue_skin",
		"1": "item/totem_of_undying/face",
		"2": "item/totem_of_undying/eye",
		"3": "item/totem_of_undying/teeth",
		"particle": "item/totem_of_undying/blue_skin"
	},
	"elements": [
		{
			"from": [8, 2, 7],
			"to": [13, 5, 10],
			"rotation": {"angle": 0, "axis": "y", "origin": [8, 2, 6]},
			"faces": {
				"north": {"uv": [3, 6, 8, 9], "texture": "#0"},
				"east": {"uv": [0, 6, 3, 9], "texture": "#0"},
				"south": {"uv": [11, 6, 16, 9], "texture": "#0"},
				"west": {"uv": [8, 6, 11, 9], "texture": "#0"},
				"up": {"uv": [8, 6, 3, 3], "texture": "#0"},
				"down": {"uv": [13, 3, 8, 6], "texture": "#0"}
			}
		},
		{
			"from": [13, 3, 7],
			"to": [14, 5, 10],
			"rotation": {"angle": 0, "axis": "y", "origin": [13, 2, 6]},
			"faces": {
				"north": {"uv": [3, 3, 4, 5], "texture": "#1"},
				"east": {"uv": [0, 3, 3, 5], "texture": "#1"},
				"south": {"uv": [7, 3, 8, 5], "texture": "#1"},
				"west": {"uv": [4, 3, 7, 5], "texture": "#1"},
				"up": {"uv": [4, 3, 3, 0], "texture": "#1"},
				"down": {"uv": [5, 0, 4, 3], "texture": "#1"}
			}
		},
		{
			"from": [6.5, 2.25, 7.25],
			"to": [8, 4.75, 9.75],
			"rotation": {"angle": 0, "axis": "y", "origin": [4, 2, 6]},
			"faces": {
				"north": {"uv": [5, 13, 6, 15], "texture": "#0"},
				"east": {"uv": [3, 13, 5, 15], "texture": "#0"},
				"south": {"uv": [8, 13, 9, 15], "texture": "#0"},
				"west": {"uv": [6, 13, 8, 15], "texture": "#0"},
				"up": {"uv": [6, 13, 5, 11], "texture": "#0"},
				"down": {"uv": [7, 11, 6, 13], "texture": "#0"}
			}
		},
		{
			"from": [3.25, 2.75, 7.75],
			"to": [7.25, 4.25, 9.25],
			"rotation": {"angle": 0, "axis": "z", "origin": [2.75, 2, 6]},
			"faces": {
				"north": {"uv": [1, 15, 5, 16], "texture": "#0"},
				"east": {"uv": [0, 15, 1, 16], "texture": "#0"},
				"south": {"uv": [6, 15, 10, 16], "texture": "#0"},
				"west": {"uv": [5, 15, 6, 16], "texture": "#0"},
				"up": {"uv": [5, 15, 1, 14], "texture": "#0"},
				"down": {"uv": [9, 14, 5, 15], "texture": "#0"}
			}
		},
		{
			"from": [3.25, 3.25, 8.25],
			"to": [4.25, 5.25, 8.75],
			"rotation": {"angle": 22.5, "axis": "z", "origin": [2.25, 3.25, 7.5]},
			"faces": {
				"north": {"uv": [0, 2.5, 1, 4.5], "texture": "#0"},
				"east": {"uv": [2, 2.5, 3, 4.5], "texture": "#0"},
				"south": {"uv": [1, 2.5, 2, 4.5], "texture": "#0"},
				"west": {"uv": [2, 0.5, 3, 2.5], "texture": "#0"},
				"up": {"uv": [1, 0.5, 0, 2.5], "texture": "#0"},
				"down": {"uv": [2, 0.5, 1, 2.5], "texture": "#0"}
			}
		},
		{
			"from": [3, 1.25, 8.25],
			"to": [4, 3.25, 8.75],
			"rotation": {"angle": -22.5, "axis": "z", "origin": [5, 3.25, 7.5]},
			"faces": {
				"north": {"uv": [1, 2.5, 2, 4.5], "texture": "#0"},
				"east": {"uv": [0, 0.5, 1, 2.5], "texture": "#0"},
				"south": {"uv": [2, 3.5, 3, 5.5], "texture": "#0"},
				"west": {"uv": [1, 0.5, 2, 2.5], "texture": "#0"},
				"up": {"uv": [4, 0.5, 3, 2.5], "texture": "#0"},
				"down": {"uv": [3, 1.5, 2, 3.5], "texture": "#0"}
			}
		},
		{
			"from": [10, 3.5, 8.25],
			"to": [11.5, 6.5, 8.75],
			"rotation": {"angle": 22.5, "axis": "z", "origin": [9.25, 4.5, 7.5]},
			"faces": {
				"north": {"uv": [0, 0, 2, 3], "texture": "#0"},
				"east": {"uv": [0, 3, 1, 6], "texture": "#0"},
				"south": {"uv": [0, 0, 2, 3], "texture": "#0"},
				"west": {"uv": [1, 3, 2, 6], "texture": "#0"},
				"up": {"uv": [4, 4, 2, 3], "texture": "#0"},
				"down": {"uv": [6, 0, 4, 1], "texture": "#0"}
			}
		},
		{
			"from": [5.75, 3.75, 8.25],
			"to": [6.25, 4.5, 8.75],
			"rotation": {"angle": 22.5, "axis": "z", "origin": [5, 2.5, 7.5]},
			"faces": {
				"north": {"uv": [0, 0, 1, 1.5], "texture": "#0"},
				"east": {"uv": [3, 0, 4, 1.5], "texture": "#0"},
				"south": {"uv": [0, 1.5, 1, 3.5], "texture": "#0"},
				"west": {"uv": [2, 0, 3, 2.5], "texture": "#0"},
				"up": {"uv": [1, 1.5, 2, 3], "texture": "#0"},
				"down": {"uv": [1, 0, 2, 1.5], "texture": "#0"}
			}
		},
		{
			"from": [9, 1.5, 10],
			"to": [11.25, 2.5, 10.75],
			"rotation": {"angle": 22.5, "axis": "z", "origin": [9.25, 1.5, 10]},
			"faces": {
				"north": {"uv": [0, 0, 2.25, 1], "texture": "#0"},
				"east": {"uv": [0, 0, 0.75, 1], "texture": "#0"},
				"south": {"uv": [0, 0, 2.25, 1], "texture": "#0"},
				"west": {"uv": [0, 0, 0.75, 1], "texture": "#0"},
				"up": {"uv": [0, 0, 2.25, 0.75], "texture": "#0"},
				"down": {"uv": [0, 0, 2.25, 0.75], "texture": "#0"}
			}
		},
		{
			"from": [9, 1.5, 6.25],
			"to": [11.25, 2.5, 7],
			"rotation": {"angle": 22.5, "axis": "z", "origin": [9.25, 1.5, 6]},
			"faces": {
				"north": {"uv": [0, 2.75, 2, 3.75], "texture": "#0"},
				"east": {"uv": [0, 0.75, 2, 1.75], "texture": "#0"},
				"south": {"uv": [2, 2.75, 4, 3.75], "texture": "#0"},
				"west": {"uv": [2, 0.75, 4, 1.75], "texture": "#0"},
				"up": {"uv": [2, 1.75, 0, 2.75], "texture": "#0"},
				"down": {"uv": [4, 1.75, 2, 2.75], "texture": "#0"}
			}
		},
		{
			"from": [11, 3.75, 9.75],
			"to": [11.75, 4.5, 10.25],
			"rotation": {"angle": 0, "axis": "y", "origin": [9.75, 2.5, 9.75]},
			"faces": {
				"north": {"uv": [0, 0, 1, 1], "texture": "#2"},
				"east": {"uv": [0, 1, 1, 2], "texture": "#2"},
				"south": {"uv": [1, 1, 3, 3], "texture": "#2"},
				"west": {"uv": [1, 0, 2, 1], "texture": "#2"},
				"up": {"uv": [1, 3, 0, 2], "texture": "#2"},
				"down": {"uv": [3, 0, 2, 1], "texture": "#2"}
			}
		},
		{
			"from": [11, 3.75, 6.75],
			"to": [11.75, 4.5, 7.25],
			"rotation": {"angle": 0, "axis": "y", "origin": [11, 3.75, 6.75]},
			"faces": {
				"north": {"uv": [3, 1, 1, 3], "texture": "#2"},
				"east": {"uv": [0, 1, 1, 2], "texture": "#2"},
				"south": {"uv": [1, 1, 3, 3], "texture": "#2"},
				"west": {"uv": [1, 0, 2, 1], "texture": "#2"},
				"up": {"uv": [1, 3, 0, 2], "texture": "#2"},
				"down": {"uv": [3, 0, 2, 1], "texture": "#2"}
			}
		},
		{
			"from": [13, 2, 7],
			"to": [14, 3, 10],
			"rotation": {"angle": 0, "axis": "y", "origin": [13, 1, 7]},
			"faces": {
				"north": {"uv": [7, 0, 9, 2], "texture": "#3"},
				"east": {"uv": [0, 0, 7, 2], "texture": "#3"},
				"south": {"uv": [9, 0, 11, 2], "texture": "#3"},
				"west": {"uv": [0, 15, 3, 16], "texture": "#3"},
				"up": {"uv": [1, 15, 0, 12], "texture": "#3"},
				"down": {"uv": [2, 12, 1, 15], "texture": "#3"}
			}
		}
	],
	"display": {
		"thirdperson_righthand": {
			"rotation": [-112.94, 84.6, -122.84],
			"translation": [0, -0.75, 5]
		},
		"thirdperson_lefthand": {
			"rotation": [-107.4, -86.51, 112.14],
			"translation": [0.5, -1.75, 4.75]
		},
		"firstperson_righthand": {
			"rotation": [-170.3, -1.28, -127.93],
			"translation": [4, 6, 3.25]
		},
		"firstperson_lefthand": {
			"rotation": [2.89, 0.7, -57.2],
			"translation": [5.5, 4.75, 0.75]
		},
		"ground": {
			"translation": [0, 2.75, 0]
		},
		"gui": {
			"rotation": [9.04, -30.54, 47.84],
			"translation": [-4, 4.5, 0],
			"scale": [1.47, 1.47, 1.47]
		},
		"head": {
			"rotation": [0, 53.25, 0],
			"translation": [0, 16, 0.5],
			"scale": [1.58, 1.58, 1.58]
		},
		"fixed": {
			"rotation": [0, 0, 48],
			"translation": [-5.5, 4.75, -0.75],
			"scale": [1.63, 1.63, 1.63]
		}
	}
}