{
  "type": "minecraft:crafting_shaped",
  "category": "misc",
  "pattern": [
    "#C#",
    "SES",
    "WWW"
  ],
  "key": {
    "#": [
      "minecraft:milk_bucket"
    ],
    "C": [
      "minecraft:amethyst_shard"
    ],
    "S": [
      "minecraft:sugar"
    ],
    "E": [
      "minecraft:egg"
    ],
    "W": [
      "minecraft:wheat"
    ]
  },
  "result": {
    "id": "minecraft:disc_fragment_5",
    "components": {
      "item_model": "minecraft:grow_cake",
      "minecraft:custom_name": "[{'text':'Suspicious Cake','italic':false,'color':light_purple}]",
      "consumable": {},
      "minecraft:food": {
        "nutrition": 1,
        "saturation": 1.5,
        "can_always_eat": true
      }
    },
    "count": 6
  }
}