{
  "type": "minecraft:crafting_shapeless",
  "category": "misc",
  "ingredients": [
    [
      "minecraft:blaze_powder"
    ],
    [
      "minecraft:glass_bottle"
    ],
    [
      "minecraft:amethyst_shard"
    ]
  ],
  "result": {
    "id": "minecraft:stick",
    "components": {
      "item_model": "minecraft:shrink_potion",
      "custom_name":"[{'text':'Weird Drink','italic':false,'color':light_purple}]",
      "consumable": {},
      "minecraft:food": {
        "nutrition": 1,
        "saturation": 1.5,
        "can_always_eat": true
      }
    },
    "count": 6
  }
}