{
	"parent": "item/handheld_rod",
	"textures": {
		"layer0": "minecraft:item/carrot_on_a_stick",
		"particle": "item/carrot_on_a_stick/texture"
	},
	"overrides": [
		{
			"predicate": {
				"minecraft:custom_model_data": {
					"strings": [
					  "1"
					]
				  }
			},
			"model": "minecraft:item/flute"
		},
		{
			"predicate": {
				"minecraft:custom_model_data": {
					"strings": [
					  "7271"
					]
				  }
			},
			"model": "minecraft:item/guitar"
		},
		{
			"predicate": {
				"minecraft:custom_model_data": {
					"strings": [
					  "7272"
					]
				  }
			},
			"model": "minecraft:item/guitaracacia"
		},
		{
			"predicate": {
				"minecraft:custom_model_data": {
					"strings": [
					  "7273"
					]
				  }
			},
			"model": "minecraft:item/guitar_birch"
		},
		{
			"predicate": {
				"minecraft:custom_model_data": {
					"strings": [
					  "7274"
					]
				  }
			},
			"model": "minecraft:item/guitar_cherry"
		},
		{
			"predicate": {
				"minecraft:custom_model_data": {
					"strings": [
					  "7275"
					]
				  }
			},
			"model": "minecraft:item/guitar_crimson"
		},
		{
			"predicate": {
				"minecraft:custom_model_data": {
					"strings": [
					  "7276"
					]
				  }
			},
			"model": "minecraft:item/guitar_darkoak"
		},
		{
			"predicate": {
				"minecraft:custom_model_data": {
					"strings": [
					  "7277"
					]
				  }
			},
			"model": "minecraft:item/guitar_jungle"
		},
		{
			"predicate": {
				"minecraft:custom_model_data": {
					"strings": [
					  "7278"
					]
				  }
			},
			"model": "minecraft:item/guitar_mangroove"
		},
		{
			"predicate": {
				"minecraft:custom_model_data": {
					"strings": [
					  "7279"
					]
				  }
			},
			"model": "minecraft:item/guitar_spruce"
		},
		{
			"predicate": {
				"minecraft:custom_model_data": {
					"strings": [
					  "7280"
					]
				  }
			},
			"model": "minecraft:item/guitar_warped"
		}
	]
}
