{
  "criteria": {
    "rer": {
      "trigger": "minecraft:inventory_changed",
      "conditions": {
        "items": [
          {
            "items": "minecraft:string"
          }
        ]
      }
    }
  },
  "rewards": {
    "recipes": [
      "flutedatapack:guitar",
      "flutedatapack:guitaracacia",
      "flutedatapack:guitarbirch",
      "flutedatapack:guitarcherry",
      "flutedatapack:guitarcrimson",
      "flutedatapack:guitardarkoak",
      "flutedatapack:guitarjungle",
      "flutedatapack:guitarmangroove",
      "flutedatapack:guitarspruce",
      "flutedatapack:guitarwarped"
    ]
  }
}
