{
  "display": {
    "icon": {
      "id": "minecraft:disc_fragment_5",
      "count": 1,
      "components": {
        "minecraft:custom_model_data": 1
      }
    },
    "title": "Recipe",
    "description": "Recipe",
    "background": "minecraft:textures/block/stone.png",
    "frame": "task",
    "show_toast": false,
    "announce_to_chat": false,
    "hidden": true
  },
  "criteria": {
    "rer": {
      "trigger": "minecraft:inventory_changed",
      "conditions": {
        "items": [
          {
            "items": "minecraft:amethyst_shard"
          }
        ]
      }
    }
  },
  "rewards": {
    "recipes": [
      "aiwdatapack:alice_grow_cake"
    ]
  }
}
